103937	13.7656083341636 51.7401000712313
103421	12.9934939031694 52.4053499950669
105831	11.5973835868498 53.0753266474465
103524	13.021959642745 52.3135563508479
101357	12.5081451337228 52.3730460087325
120698	13.6283738003739 52.3023216157563
112768	13.2436535346312 52.746618071196
121332	13.7360528971658 52.3909334271835
102180	13.2271194946957 51.6946678438982
106288	13.9039263675562 52.5897828254351
101679	14.413020239121 51.8565378790556
110838	12.5534616647607 52.4178494097749
103433	12.9748856754715 52.235922251136
180063	12.4944292305897 53.1704072149941
700046	13.0991372481059 52.3650874385049
103342	13.2783019514379 52.3926953212748
100584	13.3582172078548 52.1410192635774
102209	13.3068841038356 51.5967215007045
104437	13.708393586521 51.8559649866873
100675	12.4563416208077 52.4953287824287
101606	12.4855675689002 53.1604824657902
106501	14.0283244540826 52.3277503185476
101205	14.3704326441907 51.5645875236297
112756	13.2411530570783 52.7491074648169
110760	12.5883740732576 52.1479729913151
121058	13.4076905282797 52.3429803817405
103111	13.1907187268419 51.9263299696185
102945	13.2835491846222 53.0138665753204
104188	13.9808683028815 51.5128446397939
112574	14.388068217218 52.5303423070068
640372	13.9951020197339 51.5281099824556
120261	12.5482152193778 52.4026693612421
113220	14.4715782205406 52.3718128971106
401134	14.6483603031888 52.0895893510207
104929	13.3164878373951 52.6693636789907
113311	13.8222705506581 53.3012791831425
401146	13.2453770455906 52.7564526934939
101746	14.1456781258839 51.7579090186642
102120	14.1596397507663 52.148958710349
112860	12.3463579869026 52.5268321647981
112938	13.0337021947898 52.4156289076572
105892	14.5387487315803 52.2406341196895
130485	12.3954504297472 52.9496713814331
104061	11.95856355833 53.0543504173855
106008	13.1318312113027 52.3613109390306
106021	12.3062017188513 52.8307358900049
401109	13.2784498392885 52.4036220047769
104700	13.7704862539103 52.2257182505761
110670	14.1525734331969 52.5056503267078
400490	13.8666759318713 51.9331163392521
106719	14.537117428871 52.3227748475152
113451	13.0961940530733 52.3785365128407
401470	14.31598943925 51.7582142294564
110360	13.4259777936877 52.3253327640766
401031	14.3913137900856 52.5344316356365
401201	13.2715892074779 52.7134833827008
103299	13.1591760746131 52.0920141727031
401250	13.0907696987618 52.3608882807473
106264	13.2070651437304 52.7500445202133
102362	13.5971203746212 52.841797180723
120443	13.7937714432953 52.4649734891781
130886	13.1450411011367 53.0951836161039
105296	12.3360832776896 52.6671823456224
105405	13.076687335091 52.3953137413316
113189	14.0239801072977 51.4530994602128
100419	13.3996035388499 52.3254459002857
105910	13.6526300047934 52.3048126586318
104619	13.6391934212418 52.2412078796991
105429	13.0229256349696 52.3892742833553
112823	12.5827448933711 52.7359383218009
100687	12.4609479744105 52.2767903388535
180026	14.1787872596497 52.0145154219955
105004	13.243913920945 52.7813987958908
102775	12.1822285870482 53.153966520416
121307	13.0993339635174 52.3895838224718
100511	13.250915826391 52.3095266013217
102799	12.2917654000238 52.9719102360527
106331	12.8079893373801 52.9169455908291
111077	13.6129497290923 51.3869001593279
103007	13.8747519363007 53.1840137270954
640013	14.6549540168802 51.7505447004535
101862	14.5389715890705 51.8733640077997
130904	13.9164461733094 52.1972983311409
105272	12.2290034851319 52.5926395123698
401249	12.3355632025916 52.6083864099613
101035	14.1453904957098 52.5014900368038
110395	13.4316674246263 52.2420045161918
105533	13.0615393006178 52.4042287372062
106033	13.8059202299798 52.8326904654892
400403	12.4943713103206 53.1631857479481
120753	13.2041224026409 52.6356156354048
102003	13.9064367178443 51.9393728357792
113440	13.1205666601347 52.3824064419489
106550	14.3362870302495 51.782014075237
106471	13.0903312289294 52.3921631444381
112525	14.4910737598516 52.5731379027873
130187	14.3585017822792 51.5727593559972
102260	14.6308027406655 52.140720455039
130060	13.4661447933803 52.1613097990409
120996	13.2767626388335 52.3959907091905
400970	11.7392446193082 52.9994050528194
100158	13.9522918642353 52.8083339227249
120868	13.0477846784405 52.4014307186471
105284	12.498011608204 52.6036133358322
110759	12.7529156765754 52.1870588504268
100924	14.3285487044362 51.7417782726665
100304	12.7896836249444 52.911867847166
113086	13.7474367845146 52.9748425061815
111673	12.0453002154533 53.1213747244441
400130	13.3895364221675 52.3646371340507
120352	13.8887234224581 51.9450334176412
111508	14.5282109118265 52.1404895579417
400300	12.5858039861159 52.1454923564099
106707	14.6178761647476 51.7239772860298
112150	13.1087518713613 52.5705716559993
104851	13.232278664752 52.7553051360399
104760	13.6414436620349 52.2749417889228
106355	13.2182053225131 52.4032686467027
121095	13.1200296610351 52.3819033615142
110553	14.3418385814401 51.7411970671953
111168	13.9457618324595 52.251330037194
111685	12.0380767593908 53.2536280938025
102283	13.610582368793 52.6785261884025
100894	14.3332327386865 51.7630248335683
110097	14.1331766239916 52.715433176654
110863	14.2582382814132 53.0673690786843
400877	13.0929739392645 52.5594119662379
120390	14.6246003029636 52.1502131249566
102222	14.6715302600006 52.1463252829489
121289	13.0738582580747 52.5774898681773
104474	14.4053454256173 52.4954041638764
111650	14.0640098967958 52.2868516375515
180038	13.5127867498248 52.0422836816891
111120	14.1180993756347 51.9083123880399
700034	13.2140818863575 52.3998076419812
106276	12.8874095539045 52.6006277929557
102570	13.7024590604663 52.4810446477306
101758	14.3281019083385 51.7133085650334
104887	13.2844122568362 52.6726708537316
101760	14.3007120934216 51.7979924525252
100020	14.6511511042972 51.7402383356048
105260	12.3416269923373 52.7529239418462
113402	13.7851649130835 52.5262560652158
105132	14.1998891135755 52.2386798696195
104383	13.6136906296883 51.7769455523609
102763	12.1873624452841 53.1525502897669
106057	12.9932105654713 52.731180073985
102921	13.3322631256566 52.9772223480092
110255	12.7977513439575 52.9266916360901
104796	13.1987396908641 52.6360553919372
111491	14.4100556309681 52.2387664712784
121101	13.4189792064432 52.2841308299267
111200	13.2291177870921 51.6920362336001
101229	14.4032920726959 51.6035853972441
111995	13.1516331317723 52.1032079910626
112975	13.076687335091 52.3953137413316
110383	13.4669017571204 52.2171116823377
104425	13.4201291940177 51.8715003868616
100780	14.3328300028046 51.7254560897189
640359	11.8644157824903 53.076698101972
100961	14.3247230696948 51.7768770513494
103950	13.7103041343432 51.6323848410852
105594	13.7344191549669 52.8376405068836
103718	13.4852260813524 53.1198592425791
103639	12.876258307315 52.6067674082532
100705	12.5850887308447 52.4828129968855
121009	12.8079893373801 52.9169455908291
102428	14.5334208903565 52.3324520991933
100183	14.019308775377 51.6506764613849
103925	13.6171597910412 51.6363063428059
104553	14.2333985301913 52.594675306154
103822	13.5662948432914 51.5684075143451
103561	13.0505699684315 52.5395153741401
120534	13.1754770281927 52.0842738254203
110796	12.406473266865 52.3913247831865
102301	13.4865239160356 52.7942271674218
101059	13.6892963822526 52.5210884079116
130059	13.4410317861383 52.2894861962709
101825	14.684556911066 51.9550431854118
110991	14.6906418897285 51.9547176689816
120856	13.7417524338691 52.8371520768834
113001	13.0918905162987 52.3611221886925
400361	12.5246808967653 52.434884259597
120200	14.3805763855071 51.5506773021363
120662	13.8176422840866 51.4918628485121
102465	14.5342144637836 52.3505081746134
102052	13.7649577058521 51.9760436511822
400890	13.5151591379214 53.1120284248558
111405	14.51794990268 52.3286679105713
106094	13.6759760990556 51.3817302705059
112409	13.766238909026 51.3794602534778
101928	13.5675194707925 51.4080794379718
103202	12.8872943473185 51.956515166036
110826	12.5251055255268 52.426521184244
103408	13.2356057228176 52.4126110166093
106586	13.1154131444165 52.3961084842444
113104	13.8151684440247 52.8757651439456
106161	11.7522094630027 53.0052192250586
400828	12.8993432422164 52.3935621425108
101485	12.5230606012348 52.4262625243089
400889	12.8782406073807 52.6039525951062
121253	13.2456541446378 52.7591450791004
106290	14.5973692928646 51.6382647783429
105363	13.1343294126403 52.3759168130711
100493	13.2654066869642 52.3039677811293
401160	13.296934650254 52.6914448006404
121216	12.5641359058109 52.4131061088186
105946	14.0547394209467 52.376568504342
106343	13.2345629686592 52.3938033615681
104991	13.3768120807286 52.664657978643
121290	13.192682880039 52.3889263348505
110188	12.9018522556185 53.1015912994595
121319	13.465661698923 52.3726992801778
100640	14.0040791449758 53.0198723508236
104103	14.0042515543129 51.5910686557832
130461	12.1773469536784 53.1558651046011
102090	14.2444116453263 52.1729895013402
112586	13.529835823556 52.3950218629429
103688	13.0432397277845 52.5653977395216
400063	13.9610947928841 51.8585850438147
102337	13.5924089346379 52.6815483701591
106446	13.1128399808699 52.3995741432094
101382	12.5620558245706 52.410293552155
113300	12.0843533764718 52.9117131868109
100316	12.810075800134 52.932781858215
130825	14.0426071402343 52.775473953326
130916	13.4875111435788 51.4256617019059
105491	13.0938964704325 52.3953767631582
121344	13.6209272268129 52.6027208707856
121198	13.7474367845146 52.9748425061815
400695	12.1909411234145 53.1527247360345
130606	13.7307790944716 51.6406558268896
640189	14.0697278487124 52.3602973922387
400865	12.8770783764953 52.579735190514
112744	13.3768120807286 52.664657978643
102933	13.3402302070029 52.9838699589435
101400	12.5275839649157 52.4064209572265
101710	14.3925938191494 51.7645424081856
112628	13.7877258051865 52.2915493448691
110954	14.1425139139842 51.8361840138693
101291	12.7529156765754 52.1870588504268
120777	12.3491266931331 52.6102915977438
101023	13.6286017734558 52.5361704969323
113347	13.2178697414383 52.2158611034676
180257	13.6209272268129 52.6027208707856
113098	13.684353105455 52.8412317134127
106409	13.0735115153625 51.9906614842324
112963	13.0133619871628 52.388862117782
113207	13.6470949808281 52.5053470592495
120080	13.2566535622269 52.2986507590384
111648	14.2814519036912 52.3479738446172
101310	12.5895023585922 52.2266097538015
102891	12.4614509916486 52.8934258777593
113165	13.894613049691 51.5612320254655
100250	14.0411012397502 51.7276098049292
103410	12.8899548607059 52.2806443968463
111521	13.7530871345614 52.4539334571318
103044	13.5873214357878 53.3923373428735
121277	13.2345629686592 52.3938033615681
111090	13.8969509860728 51.9429618387101
113463	13.4852257653995 53.1198682286831
105715	13.7443166583479 51.4684671805318
102039	13.9883841521417 52.0536836605917
113293	11.7593288630662 52.9999456647475
111340	13.5317361893295 52.6561057787351
103676	13.0906516486829 52.5741563734792
120170	13.6721157391512 52.5228658555429
120224	12.5874594281103 52.1427205252685
100481	13.2568216244579 52.2966121588427
110565	14.3252829817971 51.7247386358329
130448	13.756661701859 52.4163624344926
100535	13.4084600294039 52.3644709536156
112859	12.3613173383005 52.6060587012968
400385	14.2944005473471 53.0572959991275
111030	13.6218860529874 51.4649339042532
112070	12.9906295646576 52.2890819848929
103305	13.1755706774446 52.0880608817019
112082	13.0049689176355 52.4719388401926
104954	13.3186698244384 52.6310121566668
112495	13.427363225462 51.8723346584677
121241	14.1329421725415 52.7212840386514
104917	13.2768974031133 52.6896087354502
106367	14.061855062714 52.3610622998319
111260	14.6502256537816 52.1384780132928
101990	13.8825091347944 51.9497850191865
105806	14.6502256537816 52.1384780132928
401080	14.0678429593798 52.3514716392548
101850	14.7159241522705 51.9538283252012
121060	12.8880013058558 52.5996852365618
400660	14.0857170613 52.3447873387383
106525	13.5063752485226 51.693173570902
130023	13.9436992067909 51.8628809427901
101953	13.4875111435788 51.4256617019059
112033	13.2182317062413 52.4044379326599
800200	11.9474009115966 52.9578398307949
104723	13.6659105904154 52.2889772216625
120686	14.3888023593065 52.5294920235205
400373	14.2959994888532 53.0598944548955
120881	13.698578482295 51.6306188978381
105466	13.1338523535614 52.3663242337501
112239	13.7544878255874 53.1722001169883
106641	13.6295286705884 52.3162173301509
103366	13.1258604333757 52.3177597099223
106100	14.2988156984572 51.7519538679854
112434	13.7705659047129 51.4919272997617
112549	14.3665477535662 52.6438203099215
106768	13.2107681240472 52.6389889784407
104966	13.1952981349156 52.6108726763073
640414	13.0929739392645 52.5594119662379
120649	13.9894186118198 51.509384750072
103597	12.9410196801019 52.5476316487931
112707	13.0303973811851 52.7628144653323
100341	13.4323018135962 52.2406282644634
106306	13.1278966077596 52.3640540415084
102556	14.6283600911797 52.2024252367302
112410	13.8644342274437 51.4574266874812
103081	13.8593592852028 53.3201219808108
104802	13.0080943551125 52.8127118027128
113116	13.750014178099 52.8694603488749
121265	13.1154131444165 52.3961084842444
112288	13.7111110675231 51.6237973022973
106112	12.5682360409651 52.4160950971318
105636	13.7579651040972 52.8313982425671
120157	14.3310810681155 51.7693875549578
120327	14.7064741113403 51.948068849804
110048	14.1654830571495 52.7640855181494
400713	12.3800432162004 52.9511219528297
102271	14.6350089842266 52.148132960049
113049	13.1370031243946 52.3640541241715
100365	12.7622279153224 52.814578199379
400919	13.4801207818105 53.1158924489983
400555	13.2242004495298 51.6949384806961
104711	13.5920238025243 52.3602822738784
180105	13.9273411468492 52.3953864820827
106483	13.2839379734668 52.664769889234
112630	13.6274698302263 52.3528770988102
111790	13.1641894140357 53.0039109904267
401316	13.8168613223456 52.8474090808025
400191	14.3355903809033 51.763316918106
130369	13.4865239160356 52.7942271674218
102349	13.6402568033851 52.7660784485942
400294	14.3749164317108 51.555340990694
130862	12.7975508525648 52.9239005984345
113499	13.6691724484114 52.3405869007066
120364	14.2435997552866 52.1691272070432
106150	13.4932388251625 52.7265053413331
640451	14.2582382814132 53.0673690786843
400737	13.3309888141418 52.9724125168359
130898	12.3062017188513 52.8307358900049
180166	14.2808926250322 52.3480603483868
103536	13.0768808727367 52.5586750359132
100754	12.6958878129331 52.4129967641746
400336	12.5105438487985 52.413706798815
120704	13.6184268780891 52.2925221911091
800132	11.7547808911264 52.9938049170993
130849	13.6117064216427 52.2889188319635
106410	14.3769328387894 53.2098660308488
401298	13.10032945014 52.3722190072288
104668	13.6117064216427 52.2889188319635
105867	13.8672102298455 53.4566460779574
105351	13.0970201458858 52.3781182213993
401407	14.1042156817938 52.5781974104939
180210	13.4150629004327 52.2796635517127
120984	13.7531611154691 52.4158760252836
100146	14.0257453306572 52.7857112762612
121034	13.6295286705884 52.3162173301509
112999	13.1162217853356 52.3961033934805
100547	13.4234246775592 52.3492605311574
400038	13.9309387261711 52.7939929924261
180142	13.822993057519 52.2731688709819
110498	12.2903213772579 52.2686611192884
120420	14.0547394209467 52.376568504342
112010	13.2703655184431 52.3979562911513
106574	12.5434204263526 52.3971473219954
111818	13.3303463535155 52.9716932422124
103287	13.1514591364519 52.1031782865083
105971	14.3476694862113 51.7898643534958
104863	13.1951066358527 52.7203096256685
130163	13.7510712742202 52.5199493389649
102568	13.7160907880517 52.4670328518551
110127	13.9495462823206 51.7420679926978
100729	12.6010413213098 52.2841634056899
103445	12.9084203570563 52.4334671541273
112136	12.8434347598732 52.4745164084101
101618	12.5030125923124 53.1728264532339
400105	12.8107953404811 52.9312036575495
111867	14.0098376169077 53.2102398779744
110220	12.8570490959644 52.8470073748613
103548	12.8776920166609 52.6043024289894
400993	13.7508736279957 51.4998661472811
400087	12.7958592707667 52.9229341163841
400282	14.3960310530005 51.5718614935829
106604	13.586075029278 52.684826484499
113050	13.050280794446 52.3974976052314
103329	12.923600760844 52.3821755640389
104504	14.5480718258408 52.54766624228
401341	13.7574402218936 52.8331458489056
105790	14.4371834476675 51.6746426443425
101151	13.9790396064103 52.6340396349741
400579	14.6472376557112 52.1356909600123
120716	13.6188026519908 52.3737252763562
111089	13.3506410597683 51.5474634332274
106380	14.3705667246711 51.5705497707391
180014	13.7114864845464 52.5157937922734
104826	13.3274230837636 52.7725359520968
103317	13.1345592441907 52.2336898875723
101047	13.7110921106653 52.514162170267
102994	13.2457581945996 53.137257841849
105843	11.478315138546 53.0992273571397
120431	14.0697278487124 52.3602973922387
106240	13.9273411468492 52.3953864820827
401274	13.0603314200815 52.3855152473704
104115	14.0059308929683 51.5835746534633
110292	12.7963024002494 52.9147961622903
121083	13.5395082496053 52.6584674933121
106720	13.0027350479749 52.4224109585651
160015	13.1435889759568 52.3677724113044
111703	12.2263693119233 52.8875182635806
103020	13.9134631750754 53.4111856119959
130370	13.5455969485249 52.6296012106152
120340	13.5246415353012 51.4545422367885
120250	12.5514581343244 52.4234821271691
120480	12.3929814633445 52.9483942965808
105880	13.8988281784889 51.5181098599251
105077	11.8001591437836 53.007006043861
400269	13.844202814102 52.5396949340782
130801	13.2109458410179 52.6393423167837
100572	13.4259436648831 52.294456056973
115540	13.020871542434 52.3809854879623
102660	14.0685726399665 52.3621583594411
111533	13.8758604377256 52.3455124960856
120091	13.4248966347283 52.2937947172054
105764	13.4673648745271 52.7506553473202
401183	13.2008259825523 52.6521992187698
112124	12.8837695514301 52.6065961782217
700022	14.5269686931212 52.336103567165
104590	14.3866869165097 52.532142203904
104978	13.2665786114597 52.7446357451911
110206	12.9935915063698 52.9676177496776
121186	13.560799441598 51.6386683474851
100948	14.3194324370307 51.7470038476541
101503	12.4384323074581 52.3818693631273
100067	14.6433962058528 51.7502674371205
106215	14.0020149961759 53.0188751622442
104693	13.5337265942348 52.2695621419936
103810	13.6495334292308 51.6954911535283
102623	14.0728760901665 52.3733586407538
104565	14.2263046484178 52.6637908652757
120741	13.2828234914941 52.6724500395326
101333	12.4462445411455 52.1101228309489
105016	13.2617718756726 52.7578269782822
106628	13.4641924151226 52.2739829438874
120236	14.3427673951883 51.766018735358
120273	14.2916038850811 53.0595087851067
112379	13.9862284476881 51.5167756408972
113074	14.0436155709185 52.8660297671624
105788	13.3692590113983 51.4429784816862
112185	13.5133808729795 53.1159349022448
110190	12.7650880380684 53.1568601456885
640177	14.5541091294461 52.3401829116468
110711	13.8314579567541 52.5365489520027
120303	12.484729286323 53.1668847682688
104620	13.6209363529422 52.3764385175025
106781	12.5639824403328 52.4030854030484
104024	11.8609948765444 53.0732264384965
104905	13.2697537729186 52.7153447076763
400944	13.698578482295 51.6306188978381
100626	14.0862640666906 53.0595743597315
102982	13.1424483578498 53.1754287422006
100742	12.7197728885813 52.4710364922936
400117	13.3578410055472 52.2695124098385
120844	13.8019603465847 52.8309424244763
400774	13.8558176408647 53.3150180100959
105089	11.8752716435447 53.2391177303672
101175	14.1706336097982 51.5849889161219
120406	13.5820810071534 52.6793304417272
102740	12.3359954873812 53.0777848902922
110619	14.324600297834 51.7656819837116
120900	13.4673648745271 52.7506553473202
106495	13.2213636243926 52.3890737530468
104814	13.1397024093526 52.6495378597109
105247	12.3140941310719 52.5162568999908
401468	12.9684935607291 52.3571763808787
104735	13.5770875211439 52.171736781955
100596	13.4655705086478 52.1856512808505
110504	12.7447038755281 52.3162205617786
111569	13.7947721488542 52.4649836900702
400476	13.5022490729136 51.4605889884215
121174	14.6518108778573 52.0906964777446
106392	13.8909973808016 51.9425012894126
111065	13.2205195416379 51.4341959904315
105909	14.0386440738544 52.7810787034243
113270	14.123358890412 53.3984564080345
111235	13.225921902227 51.8158305158931
106677	13.0456584490511 52.4116191054924
640232	13.169415898922 52.08543870288
180040	13.8238039635912 52.4140375476373
401067	13.6182696096574 52.2914504021322
100043	14.6653971240461 51.7193657375742
110851	14.2820336687534 53.058040065229
104528	14.5362534991223 52.4277889997971
103251	13.2172416083233 52.2161932992429
100766	12.379670540847 52.3760571284747
101060	13.6732172262575 52.5225095877775
180208	12.8079893373801 52.9169455908291
106318	13.7132630112468 51.6350519740842
120479	12.1699165663399 53.1478383858768
106045	13.0633339244654 52.415614600892
102416	13.5698179800141 52.674346118518
110280	12.77062078172 52.8109417772782
110449	13.9956000097997 53.0113686247292
121071	13.5419963754891 52.7072006623667
100237	13.9383360522503 51.8605937736274
105053	13.1768122855508 52.6782300882536
112069	12.9773889883457 52.2394900472141
101667	14.2543228106526 51.6940980682948
400543	13.2237065848281 51.6942475883694
112665	13.7026184448349 52.105281866542
101138	13.8978406181506 52.5752246657667
401043	13.5431026334859 52.2598417588244
120832	13.032110432942 52.3820184227636
700058	12.9226567423036 52.3953949983253
106653	13.0993421168481 52.3904201742416
111028	13.5092391510121 51.4620988921233
105028	13.241202941941 52.7486047119548
102647	14.0844125681329 52.3411359947502
100730	12.7544633273996 52.3633997231079
111788	13.1627243850048 53.0033129536238
120054	13.9523346620752 51.8581207193601
112513	13.6975230074646 51.8557731894907
121230	13.3197435081939 52.6307576615813
100420	13.5127867498248 52.0422836816891
112616	13.6548421874233 52.1590991958513
180130	13.8025249774748 52.8298423252345
620014	13.6219635229268 52.287708285921
400257	14.3418426660662 51.7807775146767
401092	13.0899017521519 52.3925788099964
106227	12.980474393045 52.5775070909997
180075	13.736038205868 52.3909332700815
180245	13.6307134616797 52.2340606806908
104899	13.1973594376894 52.6509327203062
110693	13.8910438799882 52.5837471430357
121320	14.3515752250239 51.7662205033492
120078	12.8027844713606 52.9110409900282
103500	12.972264908197 52.3639760602139
101096	13.8830300401347 52.5750049659153
104280	13.723513855086 51.379110476446
102350	13.6189266904111 52.6020052732705
113130	13.783217512704 52.8323610255167
120388	13.2361174926079 51.6913772103016
101412	12.5465263692682 52.4089919607931
120728	11.8646764529497 53.0763992124048
105193	12.3464844402609 52.6026876440621
120133	14.3508336671325 51.7876070370816
103226	13.026010106512 52.1187684951538
100638	13.9844097400533 53.0181957289399
102635	14.0542202517479 52.3761148163795
104462	14.4425196234663 52.4234734337757
105685	13.7531841374146 52.4197513294276
106537	13.4092300398476 52.3638878984688
110358	13.2461989074558 52.3026770153693
106173	12.80652381876 52.9235721289971
106630	13.6691727182904 52.3405779126975
110620	13.72635132084 52.5633537287413
101886	13.5049532593033 51.4699037276317
103640	12.845594294843 52.4797440772711
120510	12.8782907942112 52.0995663192342
112458	13.7450505879522 51.4983832133797
130205	12.548166792639 52.4106986022748
112057	13.1059465924422 52.3391299691857
401377	13.9854522166916 51.5095483346338
120492	13.1536977488617 53.0007456157764
120583	12.8756369456123 52.6095346803209
110632	14.073801220644 52.5767227557193
103627	13.0111721622352 52.6525028828844
106185	14.5314203375874 52.3481685888499
112197	13.5065412645262 53.1140962140907
110516	14.3477035790354 51.7563354510432
105739	13.173551341229 52.7520955133251
640025	14.032227352681 52.7849462233176
400816	13.1594170870636 52.0946705619613
104644	13.6241650356034 52.2928409386575
111211	13.3817945927678 51.7256758135958
100390	12.8280347276427 52.9271773448931
104220	13.7889901474216 51.5011471533658
101230	14.3561411991106 51.5723418011466
112045	12.7867529054126 52.4003281236192
121228	13.9039263675562 52.5897828254351
102817	12.3796840406017 52.9477060313875
110905	12.3646182680587 53.1452325225458
120108	13.9976720960307 53.0184340999161
106460	12.963574742883 52.4608748234607
106010	13.1007211321931 52.3761007006711
120730	13.2479463545578 52.7540990932846
640300	12.7880949928671 52.9188155817806
130679	13.6362838290984 52.3217351397317
111144	14.243366337094 52.1734053734765
106320	13.0791356643548 52.3961358345591
110401	14.1157890947626 53.14141379059
180191	13.275635800973 52.7955212495651
400415	12.4922795055653 53.1667293481419
104930	13.2753311084762 52.7945997555754
400658	14.5411866480537 52.3336422883298
104980	13.3965739766718 52.876298875434
106203	11.9101814289115 53.1627892579662
103883	13.6943668018146 51.6389167627222
101126	13.8644692058696 52.5491603811669
180178	13.7282937842794 52.8364152982069
104772	13.6992471531526 52.3036629514658
106598	13.9742160632713 51.5068159425343
800211	11.8474590113128 53.0731200859502
111600	14.0740288300128 52.3730260318165
100833	14.3499491585375 51.7593690233982
102489	14.51617656752 52.3472890220442
401481	14.2930668875655 53.0922752412334
111314	13.5866590697029 52.6836916397975
105661	13.72017900073 52.7427385283844
180099	14.0591469795584 52.3585773145275
112793	13.1877936050186 52.6466598426678
103354	13.2058917481467 52.3835618749053
104176	14.0064303474658 51.5235935802828
130734	13.0379064646763 52.3967802776178
180180	14.0020149961759 53.0188751622442
100432	13.4079993466377 52.3421483519546
111739	12.4321881256666 52.8559919759189
101321	12.589370313128 52.1473908572878
110061	13.8319038602982 52.7400077390382
640440	13.7417524338691 52.8371520768834
121356	13.0224715874502 52.3892397106344
401055	13.6098848102362 52.289967351506
106197	13.4263903652171 51.5942482277266
120560	12.9121082084321 52.3906142426232
103974	11.7498818534745 53.1581681426581
106252	12.5835865505003 52.1437922647377
180270	12.8053025929415 52.9238912397795
112987	13.1245365470284 52.3795742219488
111156	14.2648083997296 52.1065945127694
106513	14.3500176531108 53.2667229888249
112148	13.0616632222345 52.5558282717549
101254	14.5977962055252 51.6161379570242
105934	13.5002141911285 52.3917365739304
121125	13.0458395715031 52.5414334634296
130746	13.8082679486071 52.8326061763792
120820	13.1324787116079 52.3759055600552
106422	13.2597244123112 52.6768063674164
105030	13.1034431336359 52.72078472531
102374	13.5367832299479 52.6763074061744
180268	13.2456292166545 52.7590278283653
106379	13.5166271480236 53.1201647835046
800120	11.7516632729331 52.9999881133508
101345	12.7018577944515 52.0709164936573
105181	12.3350377600101 52.6041480696358
180154	14.6518108778573 52.0906964777446
121149	13.7915196925026 52.8380916964293
110929	14.2412446892447 51.8185018790866
113475	13.4929730035053 52.7264839816555
104875	13.0303973811851 52.7628144653323
101308	12.8560595616194 52.2253434175606
105454	13.0668958677837 52.3973839115804
111934	13.0702131464117 51.9938626476459
102398	13.7612851494138 52.6251931054923
130280	13.4006616092321 51.5276622119194
113219	13.5345826463194 52.9008189458589
103380	13.2124735263969 52.4119577537867
130680	13.1820784849461 52.6878505611763
130310	13.2416320947065 51.5859780696697
110942	14.4224156811684 51.8564764852878
401444	13.7483551898628 52.4376010887605
640153	13.2270053076253 51.6887041418696
112008	13.0625500614102 52.332149872
112161	12.9852583479523 52.5423777088027
120546	12.9648600112508 52.2418553355827
110980	14.6302118966449 51.9736763711666
102167	13.2320579038943 51.5879294818914
112203	13.6385509863619 53.1097998358164
120182	13.8786758424212 52.5744603420948
104206	13.9987110778809 51.5140773475208
120145	14.3145098102485 51.7631149561206
106616	13.2784498392885 52.4036220047769
400981	14.0084058261668 51.522234519862
400683	14.0738211075974 52.359079836009
110917	12.4803190247568 53.1543111262561
106434	14.6258255084109 51.7483965570079
103494	12.9093129850561 52.3651716924798
400804	13.0889806470342 51.9964617380504
110644	13.8464778454135 52.5080251642386
104838	13.3742635458737 52.6353036626553
113384	12.9684935607291 52.3571763808787
130722	12.3360873750036 52.6055925232518
180129	13.6251663696775 52.3755257620909
100912	14.3093381451097 51.7582742433117
103512	13.1033039832684 52.4659320290831
103032	13.7239611649466 53.2978227441099
111430	14.550820140329 52.3373923871133
110176	12.6679484509501 52.9421879748048
112173	12.9987801204698 52.5877895440689
120017	14.643708999655 51.736286768773
103068	13.8632144841557 53.3095062724704
105983	13.0645914203959 52.2894184652943
101187	14.3288365584388 51.5206478602168
401020	14.2720775930525 52.5171802581522
130643	13.9998982154677 51.5309384849727
103615	13.1300982642891 52.6019397897637
104413	13.6001570978115 51.9713584559091
120030	14.0402189372536 52.7829524039789
401195	13.2107681240472 52.6389889784407
111351	14.5316376426124 52.355388818039
104747	13.614021629921 52.1337833812932
102131	14.1149304681763 52.2057152374889
103093	13.8791093866292 53.3215317453307
103585	12.7140761304384 52.6726878463899
106732	12.988177159635 52.404908930797
121046	13.2310885708345 52.7492005173828
106070	13.7915196925026 52.8380916964293
113414	13.753494792247 52.4525261972777
103664	13.1337291793814 52.5568157115834
400348	12.4800282030578 52.4232575155468
102192	13.4681445111002 51.7605267807975
400956	11.8600477261419 53.0749550762383
180051	13.560799441598 51.6386683474851
105326	13.0528970412677 52.3981701562651
112227	13.6082971402387 53.2660358670224
100560	13.4145150773288 52.1852998222735
102532	14.6539919157078 52.0880056407455
102258	14.6084158678305 52.1557797411768
180117	12.8871422359136 52.6006589894223
700010	14.3126784564684 51.7434398777285
104759	13.6234609394298 52.3226383603214
110012	14.6389722060936 51.7419009306648
105922	13.2616228285476 52.3731915320398
111764	13.1681061536668 52.8983209779281
400841	13.20653530689 52.4032090294196
401110	13.2370167220952 52.7399921529512
120790	13.0779501029629 52.3821525270207
111831	13.0591668733574 53.1102759121496
110437	14.2094390098474 53.2096636548428
111594	13.8246421893875 52.4134794630867
100171	13.9622557548267 51.8636665082651
103690	13.0937738491568 52.5620593302709
111442	14.5428640635979 52.3545696914876
102027	14.2998650411629 51.9863278279992
112367	14.0051188969654 51.5963002995566
600027	13.0579642946047 52.401274733044
100330	12.6282449605698 52.8797190328252
400701	12.0589939742103 53.0353131032482
400622	14.5371027570635 52.3227747900288
400609	13.610582368793 52.6785261884025
101424	12.5417071001643 52.4192331032516
103238	13.3122534784498 52.0482676506205
101000	13.7510712742202 52.5199493389649
105478	13.0342112661059 52.3942641343588
400567	14.6363386858765 52.1481640394882
101552	14.2658317861163 53.0640361061807
400580	13.5830422576325 52.681167038658
103706	12.9977462981245 52.5890938133247
100456	13.3794063349987 52.2552802304844
120558	13.2294337552371 52.3956328156796
120601	13.5129935345485 53.1111383399264
103196	13.0748160637687 52.0033707976647
102295	13.5312336938926 52.655659005088
103962	13.7118241757577 51.6134103037148
100973	13.7507192713024 52.5422245751085
400932	13.698578482295 51.6306188978381
110668	13.9120995410509 52.5309522911038
110073	14.2238147910514 52.662444041158
121204	13.8238039635912 52.4140375476373
110024	14.6019004152455 51.6175276592014
401079	13.6353472029857 52.1641171939841
106124	13.136714105116 52.3824373752488
111454	14.5450360353746 52.333225628868
121113	13.1436051626154 52.3677366992642
105211	12.3094940438379 52.606169092311
103123	12.8489421255515 52.0886391042394
120674	13.7143983066022 51.8541694810721
400762	13.8892275209679 53.3285032876744
101369	12.5543111849164 52.4032992717489
130837	13.8683889124512 53.3170257097789
400026	14.0365962727736 52.784514292111
800028	14.5438220459866 52.3456638139394
101576	14.2476856788835 53.0674286835657
111697	12.241047982186 53.3118868122117
110346	13.3069529672591 52.3568110311001
104036	11.8680540630713 53.0689610488422
103470	12.9932274903651 52.3477171375639
113177	13.9217025759016 51.4246243977932
101102	13.8376053940711 52.5360250929889
110218	12.8461152702735 52.9516840851417
400129	13.2456391572307 52.3060764987295
130394	14.5398510539495 52.3364780980298
106744	14.1329398549864 52.7214008933683
120509	13.8654803231924 53.3078288357868
113426	13.0229236270051 52.3893192083804
105557	13.8273007308497 52.8303144382975
111338	13.7510820102697 52.6218763434124
113438	13.0793898044173 52.3726807399955
400075	13.9257254851427 51.8309419912819
401262	13.0935117429894 52.3739524833221
103172	13.0877957414839 51.9948688716917
130382	13.5698179800141 52.674346118518
111612	14.0731552115385 52.3431790260294
106082	13.7823939849082 52.5305071511429
105170	12.3505950995516 52.6097039854275
130874	13.8460965375471 53.3092250455141
106665	14.288078717014 53.0597304626065
106069	14.0914345620506 53.3423768896279
101527	14.2952998047812 53.0671088991961
120595	13.0945312959322 52.5731758860502
401420	14.6330504772063 51.7362899395679
106690	13.5297947155391 52.6522786234802
103779	13.3212687527339 53.2047755375295
120571	13.044254929714 52.3150067265257
640426	13.2046524457908 52.7535864291419
101540	14.2826407468385 53.0583224025413
400968	11.752657027841 52.9931083408616
120893	14.5149088286048 52.3437415635215
105430	13.0961386130221 52.3675298435453
105041	13.1780149299689 52.6887861711576
120947	14.3273491751657 51.7211179036731
111582	14.2184167549261 52.4533386364959
100845	14.3515897152574 51.7662205832752
100213	13.9618075280175 51.8642110361431
120819	13.0593641668764 52.40387833338
103330	13.2471878727199 52.3967786212472
104632	13.4481439291135 52.3967827494718
105223	12.3454113491549 52.5425210752558
104255	13.856407172145 51.4739392383277
400592	13.4969671315709 52.7309131344312
400518	13.8946204505833 51.9288683495063
120972	13.1788259896458 52.6849414518865
106562	13.7621394834498 52.4507289254709
130928	13.4932388251625 52.7265053413331
104000	11.7515025505166 53.007682077194
400270	13.679450843656 52.5284502850529
400464	13.5022490729136 51.4605889884215
101072	13.7720104150834 52.5206449750516
401225	12.3381561416482 52.611421284787
101771	14.2193829915134 51.6586867835185
130850	14.0547394209467 52.376568504342
112835	12.8983715681537 53.0985268916591
610021	14.3369919367251 51.7438043341218
400798	13.0841021312731 51.9896023575912
130539	12.9335626404628 52.375273610889
100997	13.8215987743403 52.5402272694984
105673	13.2140818863575 52.3998076419812
401122	13.0342969719782 52.3125934321428
112653	13.6219635229268 52.287708285921
100122	14.0503729233875 52.8388982739932
101461	12.5187513058929 52.4388155208707
120522	13.076743469892 51.9927375629827
102106	14.2530392545192 52.1756158347205
113244	14.086003708884 51.7798851475323
104784	13.6186958395929 52.3455999638945
101734	14.2502809294144 51.7504314656884
130692	13.2802906726617 52.6699048200137
111302	13.4409441646645 52.7154269607141
330097	13.5948265735389 52.7265030734142
400853	12.9747046516273 52.2405410291606
330218	13.797730360356 51.5018935032827
200876	13.2383539700367 52.3989940397653
330127	12.3566143696261 52.6029682502245
200220	12.5833825330061 52.7327142158867
200372	13.0519164045568 52.4070827200614
200803	13.136714105116 52.3824373752488
200311	13.2391965120972 52.3955538856671
200578	13.9900667856452 53.0089574453951
200670	13.0101495747392 52.9741448863897
330267	13.1207525749151 52.3832186429176
330050	14.0678429593798 52.3514716392548
200542	13.1450411011367 53.0951836161039
200440	13.1394732212378 52.387758903567
330073	13.0313749633278 52.3823658405871
200189	13.8941163797128 53.331650048737
200396	13.0774691626936 52.4091106351211
200098	14.3388029532057 51.7269015167939
200025	13.8176278831443 51.4918627033219
330255	13.0520348441602 52.3957192041059
200177	14.0600209410285 52.3692922019103
200864	13.0156126682913 52.3786583412375
200566	13.7107277162258 52.523086018307
200888	13.7360379490809 52.3909422582513
200530	13.800477914924 52.8292552723637
330152	13.0379907600959 52.393886351288
200633	12.826531300652 52.9497539471072
330164	13.9436371371008 51.8624308089267
200323	12.9279771625792 52.380660830524
200232	11.7652831117908 52.9912944314022
200116	14.3311612179393 51.7669063686745
200347	13.2058489406212 52.6443452202385
200499	12.8884678958895 52.6001161657623
200840	12.1810351569643 53.1511776367648
200270	12.5015865818405 52.4090484763222
200517	14.0591469795584 52.3585773145275
200013	14.6549540168802 51.7505447004535
200463	13.8152311763787 52.8396522733276
330061	13.2784498392885 52.4036220047769
200384	13.0897088388267 52.3650522579647
200141	13.5184889289455 51.4614158169239
330206	12.5221825053104 52.4361448058673
200591	13.764097304093 52.829772082039
200335	13.6298257276159 52.3004233566563
200300	13.1589246444286 52.082874415967
330188	12.9310286595673 52.2552766176694
200049	12.826531300652 52.9497539471072
200219	14.5343457138047 52.3394144090253
200244	13.3544196012428 52.9828894902917
200190	13.8863672647565 52.5830739196814
200621	13.9273411468492 52.3953864820827
200281	12.5290462255136 52.4015686319866
200839	14.6981391834871 51.9499269094507
200761	12.7936642532719 52.9137311537308
200402	13.541358507163 52.7054666108817
330190	14.3399137993381 51.7510319514925
200785	11.7538519309441 52.9964505777188
400452	14.6471323796701 51.7467091328821
111570	13.7368306119161 52.3912474322064
640270	12.5290487352041 52.4015731807091
